,coin,quantity
0,ADA,730.7499999999991
1,AION,1.0
2,ATOM,0.0
3,BNB,2.8885
4,BTC,0.12081820000000001
5,BUSD,1035.854493
6,DOT,18.191000000000017
7,ENJ,85.202
8,ETH,0.7066399999999997
9,EUR,-7044.78155697
10,LINK,33.025000000000006
11,SNX,0.019999999999999574
12,SXP,172.8570000000002
13,THETA,22.599
14,UNI,3.839
15,XRP,0.4900000000000091
